{"inventario":{"galeoes":{"name":"Galeões","amount":458},"vestes_comum_trabalho":{"name":"Conjuntos de vestes comuns de trabalho (pretas)","amount":1},"chapeu_pontudo_simples":{"name":"Chapéu pontudo simples (preto)","amount":1},"luvas_protetoras":{"name":"Par de Luvas protetoras (couro de dragão ou similar)","amount":1},"capa_inverno":{"name":"Capa de inverno (preta, com fechos prateados)","amount":1},"animal":{"name":"Coruja das Torres","img":"https://imgur.com/zPiMpjg.png","amount":1}},"gringots":true}